{"cameraMode":{"drawMode":0,"name":"Shaded","section":"Shading Mode"},"sceneLighting":true,"audioPlay":false,"sceneViewState":{"showFog":true,"showMaterialUpdate":false,"showSkybox":true,"showFlares":true,"showImageEffects":true,"showParticleSystems":true},"in2DMode":false,"pivot":{"x":-1.0729868412017823,"y":0.13378490507602693,"z":-0.048324182629585269},"rotation":{"x":-0.04078260436654091,"y":0.027570761740207673,"z":-0.0011253288248553873,"w":-0.9987881779670715},"size":2.36602520942688,"orthographic":false}